﻿GO

-- Uzivatel (zdravotnicke zarizeni)

INSERT INTO Uzivatel (FIR_ID
	  ,FIR_NAZEV
      ,FIR_ULICE
      ,FIR_MISTO
      ,FIR_PSC
      ,FIR_KOD
      ,FIR_TEL
      ,FIR_MAIL
      ,FIR_FAX
      ,FIR_PRAV
      ,FIR_LOGIN
      ,FIR_HESLO
      ,FIR_PROVOZ) VALUES (11001, 'ADMIN', '17. listopadu 590/14', 'Liberec', '46015', '00000000', '775629945', 'fffrukt@bk.ru', '0', 'F', 'admin', 'qwerty123', '000000000000');

INSERT INTO Uzivatel (FIR_ID
                     ,FIR_NAZEV
                     ,FIR_ULICE
                     ,FIR_MISTO
                     ,FIR_PSC
                     ,FIR_KOD
                     ,FIR_TEL
                     ,FIR_MAIL
                     ,FIR_FAX
                     ,FIR_PRAV
                     ,FIR_LOGIN
                     ,FIR_HESLO
                     ,FIR_PROVOZ) VALUES (11002, 'Krajská nemocnice Liberec, a.s.', 'Husova 10', 'Liberec', '46001', '27283933', '485311111', 'nemlib@nemlib.cz', '485101119', 'P', 'NEMLIB', 'nemlib123', '67154000');


INSERT INTO Uzivatel (FIR_ID
                     ,FIR_NAZEV
                     ,FIR_ULICE
                     ,FIR_MISTO
                     ,FIR_PSC
                     ,FIR_KOD
                     ,FIR_TEL
                     ,FIR_MAIL
                     ,FIR_FAX
                     ,FIR_PRAV
                     ,FIR_LOGIN
                     ,FIR_HESLO
                     ,FIR_PROVOZ) VALUES (11003, 'Fakultní nemocnice v Motole', 'V Úvalu 84/1', 'Praha 5', '15006', '00064203', '224431111', 'fnmotol@fnmotol.cz', '224431174', 'P', 'MOTOL', 'motol123', '1003812490');

INSERT INTO Uzivatel (FIR_ID
                     ,FIR_NAZEV
                     ,FIR_ULICE
                     ,FIR_MISTO
                     ,FIR_PSC
                     ,FIR_KOD
                     ,FIR_TEL
                     ,FIR_MAIL
                     ,FIR_FAX
                     ,FIR_PRAV
                     ,FIR_LOGIN
                     ,FIR_HESLO
                     ,FIR_PROVOZ) VALUES (11004, 'Nemocnice s poliklinikou Jablonec nad Nisou', 'Nemocniční 4446', 'Jablonec nad Nisou', '46601', '00829838', '483345111', 'nemjbc@nemjbc.cz', '483345641', 'P', 'JBCNMC', 'nmcjbc123', '100829838');

INSERT INTO Uzivatel (FIR_ID
                     ,FIR_NAZEV
                     ,FIR_ULICE
                     ,FIR_MISTO
                     ,FIR_PSC
                     ,FIR_KOD
                     ,FIR_TEL
                     ,FIR_MAIL
                     ,FIR_FAX
                     ,FIR_PRAV
                     ,FIR_LOGIN
                     ,FIR_HESLO
                     ,FIR_PROVOZ) VALUES (11005, 'Nemocnice sv. Alžběty Na Slupi', 'Na Slupi 448/6', 'Praha 2', '12800', '07579969', '221969338', 'recepce@alzbeta.cz', '224921899', 'P', 'ALZBETA', 'alzbt123', '1007579969');

INSERT INTO Uzivatel (FIR_ID
                     ,FIR_NAZEV
                     ,FIR_ULICE
                     ,FIR_MISTO
                     ,FIR_PSC
                     ,FIR_KOD
                     ,FIR_TEL
                     ,FIR_MAIL
                     ,FIR_FAX
                     ,FIR_PRAV
                     ,FIR_LOGIN
                     ,FIR_HESLO
                     ,FIR_PROVOZ) VALUES (11006, 'Fakultní nemocnice Bulovka', 'Budínova 2', 'Praha 8', '18000', '00064211', '266081111', 'info@bulovka.cz', '283840514', 'P', 'BULOVKA', 'blvk228', '10064211');

INSERT INTO Uzivatel (FIR_ID
                     ,FIR_NAZEV
                     ,FIR_ULICE
                     ,FIR_MISTO
                     ,FIR_PSC
                     ,FIR_KOD
                     ,FIR_TEL
                     ,FIR_MAIL
                     ,FIR_FAX
                     ,FIR_PRAV
                     ,FIR_LOGIN
                     ,FIR_HESLO
                     ,FIR_PROVOZ) VALUES (11007, 'Fakultní nemocnice Brno', 'Jihlavská 340/20', 'Brno', '62500', '65269705', '532231111', 'fnbrno@fnbrno.cz', '532232854', 'P', 'NEMBRNO', 'nmbrm111', '11652605');

INSERT INTO Uzivatel (FIR_ID
                     ,FIR_NAZEV
                     ,FIR_ULICE
                     ,FIR_MISTO
                     ,FIR_PSC
                     ,FIR_KOD
                     ,FIR_TEL
                     ,FIR_MAIL
                     ,FIR_FAX
                     ,FIR_PRAV
                     ,FIR_LOGIN
                     ,FIR_HESLO
                     ,FIR_PROVOZ) VALUES (11008, 'Fakultní nemocnice Hradec Králové', 'Sokolská 581', 'Hradec Králové', '50005', '00179906', '495831111', 'fnhk@fnhk.cz', '495832100', 'P', 'FNHK', 'hradec012', '61993249');

INSERT INTO Uzivatel (FIR_ID
                     ,FIR_NAZEV
                     ,FIR_ULICE
                     ,FIR_MISTO
                     ,FIR_PSC
                     ,FIR_KOD
                     ,FIR_TEL
                     ,FIR_MAIL
                     ,FIR_FAX
                     ,FIR_PRAV
                     ,FIR_LOGIN
                     ,FIR_HESLO
                     ,FIR_PROVOZ) VALUES (11009, 'Nemocnice s poliklinikou Česká Lípa, a. s.', 'Purkyňova 1849', 'Česká Lípa', '47001', '27283518', '487954111', 'nemcl@nemcl.cz', '487911111', 'P', 'NEMCL', 'csklipa909', '59370009');

INSERT INTO Uzivatel (FIR_ID
                     ,FIR_NAZEV
                     ,FIR_ULICE
                     ,FIR_MISTO
                     ,FIR_PSC
                     ,FIR_KOD
                     ,FIR_TEL
                     ,FIR_MAIL
                     ,FIR_FAX
                     ,FIR_PRAV
                     ,FIR_LOGIN
                     ,FIR_HESLO
                     ,FIR_PROVOZ) VALUES (11010, 'Masarykova nemocnice', 'Sociální péče 3316', 'Ústí nad Labem', '40011', '25488627', '477111111', 'kzcr@kzcr.cz', '477115020', 'P', 'nemocniceusti', 'masaryk1', '59001000');

-- Opravnena osoba

INSERT INTO Opravnena_osoba (ODP_ID
                            ,ODP_NAZEVP
                            ,ODP_PARTNER
                            ,ODP_ULICE
                            ,ODP_MISTOP
                            ,ODP_PSCP
                            ,ODP_DATUMPOT
                            ,ODP_PROVOZP
                            ,ODP_ICZUJP
                            ,ODP_UPRES) VALUES (22001, 'ERMEG s.r.o.', '00555843', 'Žitavská 629/48', 'Liberec', '46001', '01.18.2022', 'CZL00525', '556904', 'Plasty')

    INSERT INTO Opravnena_osoba (ODP_ID
                                ,ODP_NAZEVP
                                ,ODP_PARTNER
                                ,ODP_ULICE
                                ,ODP_MISTOP
                                ,ODP_PSCP
                                ,ODP_DATUMPOT
                                ,ODP_PROVOZP
                                ,ODP_ICZUJP
                                ,ODP_UPRES) VALUES (22002, 'PRAGOMETAL recycling s.r.o.', '47669624', 'Pražská 1638', 'Mníšek pod Brdy', '25210', '01.11.2022', 'CZL00993', '556904', 'Jiné odpady (včetně směsí materiálů)')

INSERT INTO Opravnena_osoba (ODP_ID
                            ,ODP_NAZEVP
                            ,ODP_PARTNER
                            ,ODP_ULICE
                            ,ODP_MISTOP
                            ,ODP_PSCP
                            ,ODP_DATUMPOT
                            ,ODP_PROVOZP
                            ,ODP_ICZUJP
                            ,ODP_UPRES) VALUES (22003, 'NELI servis s.r.o.', '25028138', 'Husova 357/10', 'Liberec', '46001', '12.12.2021', 'CZL00125', '556912', 'Obaly obsahující zbytky nebezpečných látek')

INSERT INTO Opravnena_osoba (ODP_ID
                            ,ODP_NAZEVP
                            ,ODP_PARTNER
                            ,ODP_ULICE
                            ,ODP_MISTOP
                            ,ODP_PSCP
                            ,ODP_DATUMPOT
                            ,ODP_PROVOZP
                            ,ODP_ICZUJP
                            ,ODP_UPRES) VALUES (22004, 'ASA DOCK s.r.o.', '28750578', 'Velké Hamry 694', 'Velké Hamry', '46845', '12.21.2021', 'CZL00632', '556905', 'Biologicky rozložitelný odpad')

INSERT INTO Opravnena_osoba (ODP_ID
                            ,ODP_NAZEVP
                            ,ODP_PARTNER
                            ,ODP_ULICE
                            ,ODP_MISTOP
                            ,ODP_PSCP
                            ,ODP_DATUMPOT
                            ,ODP_PROVOZP
                            ,ODP_ICZUJP
                            ,ODP_UPRES) VALUES (22005, 'Slavomír Molnár', '64056708', 'Jeřmanická 489/4', 'Liberec', '46312', '11.29.2021', 'CZL00162', '556907', 'Kyselina sírová a kyselina siřičitá')

INSERT INTO Opravnena_osoba (ODP_ID
                            ,ODP_NAZEVP
                            ,ODP_PARTNER
                            ,ODP_ULICE
                            ,ODP_MISTOP
                            ,ODP_PSCP
                            ,ODP_DATUMPOT
                            ,ODP_PROVOZP
                            ,ODP_ICZUJP
                            ,ODP_UPRES) VALUES (22006, 'TERMIZO a.s.', '64650251', 'Dr. Milady Horákové 571/56', 'Liberec', '46007', '11.25.2021', 'CZL00262', '556915', 'Suroviny nevhodné ke spotřebě nebo zpracování')

INSERT INTO Opravnena_osoba (ODP_ID
                            ,ODP_NAZEVP
                            ,ODP_PARTNER
                            ,ODP_ULICE
                            ,ODP_MISTOP
                            ,ODP_PSCP
                            ,ODP_DATUMPOT
                            ,ODP_PROVOZP
                            ,ODP_ICZUJP
                            ,ODP_UPRES) VALUES (22007, 'FCC Česká republika, s.r.o.', '45809712', 'Ďáblická 791/89', 'Praha', '18200', '06.20.2021', 'CZL00475', '556904', 'Injekční stříkačky')

INSERT INTO Opravnena_osoba (ODP_ID
                            ,ODP_NAZEVP
                            ,ODP_PARTNER
                            ,ODP_ULICE
                            ,ODP_MISTOP
                            ,ODP_PSCP
                            ,ODP_DATUMPOT
                            ,ODP_PROVOZP
                            ,ODP_ICZUJP
                            ,ODP_UPRES) VALUES (22008, 'SKLOPAN LIBEREC, a.s.', '25034421', 'Zahradní 445/45', 'Liberec', '46001', '03.14.2021', 'CZL00882', '556919', 'Skleněné obaly')

INSERT INTO Opravnena_osoba (ODP_ID
                            ,ODP_NAZEVP
                            ,ODP_PARTNER
                            ,ODP_ULICE
                            ,ODP_MISTOP
                            ,ODP_PSCP
                            ,ODP_DATUMPOT
                            ,ODP_PROVOZP
                            ,ODP_ICZUJP
                            ,ODP_UPRES) VALUES (22009, 'Ondřej Malec', '42452449', 'Irkutská 110', 'Liberec', '46010', '03.12.2020', 'CZL00488', '556804', 'Biologicky rozložitelný odpad')

INSERT INTO Opravnena_osoba (ODP_ID
                            ,ODP_NAZEVP
                            ,ODP_PARTNER
                            ,ODP_ULICE
                            ,ODP_MISTOP
                            ,ODP_PSCP
                            ,ODP_DATUMPOT
                            ,ODP_PROVOZP
                            ,ODP_ICZUJP
                            ,ODP_UPRES) VALUES (22010, 'Nemocnice Jablonec nad Nisou, p.o.', '00829838', ' Nemocniční 4446/15', 'Jablonec nad Nisou', '46601', '03.19.2021', 'CZL00740', '563510', 'Části těla a orgány včetně krevních vaků a krevních konzerv')

-- Odpad

INSERT INTO Odpad (ODP_NAZEV
                  ,ODP_KATEG
                  ,ODP_MNOZ, ODP_ODPID) VALUES ('Části těla a orgány včetně krevních vaků a krevních konzerv', 'N', 0.00256, 33001)

INSERT INTO Odpad (ODP_NAZEV
                  ,ODP_KATEG
                  ,ODP_MNOZ , ODP_ODPID) VALUES ('Chemikálie které jsou nebo obsahují nebezpečné látky', 'N', 0.00016, 33002)

INSERT INTO Odpad (ODP_NAZEV
                  ,ODP_KATEG
                  ,ODP_MNOZ, ODP_ODPID) VALUES ('Ostré předměty', 'N', 0.00100, 33003)

INSERT INTO Odpad (ODP_NAZEV
                  ,ODP_KATEG
                  ,ODP_MNOZ, ODP_ODPID) VALUES ('Jiná nepoužitelná léčiva neuvedená pod číslem 18 01 08', 'N', 0.00203, 33004)

INSERT INTO Odpad (ODP_NAZEV
                  ,ODP_KATEG
                  ,ODP_MNOZ, ODP_ODPID) VALUES ('Obaly obsahující zbytky nebezpečných látek nebo obaly těmito látkami znečištěné', 'N', 0.00298, 33005)

INSERT INTO Odpad (ODP_NAZEV
                  ,ODP_KATEG
                  ,ODP_MNOZ, ODP_ODPID) VALUES ('Odpadní amalgám ze stomatologické péče', 'N', 0.00008, 33006)


INSERT INTO Odpad (ODP_NAZEV
                  ,ODP_KATEG
                  ,ODP_MNOZ, ODP_ODPID) VALUES ('Nemrznoucí kapaliny obsahující nebezpečné látky', 'N', 0.00156, 33007)

INSERT INTO Odpad (ODP_NAZEV
                  ,ODP_KATEG
                  ,ODP_MNOZ, ODP_ODPID) VALUES ('Odpad živočišných tkání', 'O', 0.00345, 33008)

INSERT INTO Odpad (ODP_NAZEV
                  ,ODP_KATEG
                  ,ODP_MNOZ, ODP_ODPID) VALUES ('Odpady, na jejichž sběr a odstraňování jsou kladeny zvláštní požadavky s ohledem na prevenci infekce', 'N', 0.00065, 33009)

INSERT INTO Odpad (ODP_NAZEV
                  ,ODP_KATEG
                  ,ODP_MNOZ, ODP_ODPID) VALUES ('Laboratorní chemikálie a jejich směsi, které jsou nebo obsahují nebezpečné látky', 'N', 0.00605, 33010)

INSERT INTO Odpad (ODP_NAZEV
                  ,ODP_KATEG
                  ,ODP_MNOZ, ODP_ODPID) VALUES ('Plastové obaly', 'O', 0.010245, 33011)

INSERT INTO Odpad (ODP_NAZEV
                  ,ODP_KATEG
                  ,ODP_MNOZ, ODP_ODPID) VALUES ('Sklo', 'O', 0.000145, 33012)

-- Zpusob nakladani

INSERT INTO Zpusob_nakladani (ODP_ZPNAKL
                             ,ODP_NAKNAZEV) VALUES ('XN14', 'Biologická dekontaminace')

INSERT INTO Zpusob_nakladani (ODP_ZPNAKL
                             ,ODP_NAKNAZEV) VALUES ('XR6', 'Regenerace kyselin a zásad')

INSERT INTO Zpusob_nakladani (ODP_ZPNAKL
                             ,ODP_NAKNAZEV) VALUES ('XN13', 'Kompostování')

INSERT INTO Zpusob_nakladani (ODP_ZPNAKL
                             ,ODP_NAKNAZEV) VALUES ('XR3', 'Získání/regenerace organických látek, které se nepoužívají jako rozpouštědla')

INSERT INTO Zpusob_nakladani (ODP_ZPNAKL
                             ,ODP_NAKNAZEV) VALUES ('XR5', 'Recyklace/znovuzískání ostatních anorganických materiálů')

INSERT INTO Zpusob_nakladani (ODP_ZPNAKL
                             ,ODP_NAKNAZEV) VALUES ('XR8', 'Získání složek katalyzátorů')

INSERT INTO Zpusob_nakladani (ODP_ZPNAKL
                             ,ODP_NAKNAZEV) VALUES ('XD4', 'Ukládání do povrchových nádrží (např. vypouštění kapalných odpadů nebo kalů do prohlubní, vodních nádrží, lagun, apod.)')

INSERT INTO Zpusob_nakladani (ODP_ZPNAKL
                             ,ODP_NAKNAZEV) VALUES ('XD12', 'Konečné či trvalé uložení (např. ukládání v kontejnerech do dolů)')

INSERT INTO Zpusob_nakladani (ODP_ZPNAKL
                             ,ODP_NAKNAZEV) VALUES ('XD1', 'Ukládání v úrovni nebo pod úrovní terénu (skládkování)')

INSERT INTO Zpusob_nakladani (ODP_ZPNAKL
                             ,ODP_NAKNAZEV) VALUES ('XD8', 'Biologická úprava jinde v této příloze nespecifikovaná, jejímž konečným produktem jsou sloučeniny nebo směsi, které se odstraňují některým z postupů uvedených pod označením Dl až D12')

INSERT INTO Zpusob_nakladani (ODP_ZPNAKL
                             ,ODP_NAKNAZEV) VALUES ('XD10', 'Spalování na pevnině')

INSERT INTO Zpusob_nakladani (ODP_ZPNAKL
                             ,ODP_NAKNAZEV) VALUES ('XN7', 'Přeshraniční přeprava odpadu do členského státu EU z ČR')

INSERT INTO Zpusob_nakladani (ODP_ZPNAKL
                             ,ODP_NAKNAZEV) VALUES ('XN5', 'Zůstatek na skladu k 31. prosinci vykazovaného roku')

INSERT INTO Zpusob_nakladani (ODP_ZPNAKL
                             ,ODP_NAKNAZEV) VALUES ('XN10', 'Prodej odpadu jako suroviny („druhotné suroviny")')

-- Vyhazovani odpadu

INSERT INTO Vyhazovani_Odpadu([ODP_ID]
    ,[ODP_DATUM]
    ,[ODP_VHID]
    ,[ODP_ZPNAKL]
    ,[FIR_ID]
    ,[ODP_ODPID]) VALUES (22001, '01.01.2022', 44001, 'XD1', '11002', 33001);

INSERT INTO Vyhazovani_Odpadu([ODP_ID]
                              ,[ODP_DATUM]
                              ,[ODP_VHID]
                              ,[ODP_ZPNAKL]
                              ,[FIR_ID]
                              ,[ODP_ODPID]) VALUES (22002, '01.02.2022', 44002, 'XN13', '11003', 33003);

INSERT INTO Vyhazovani_Odpadu([ODP_ID]
                              ,[ODP_DATUM]
                              ,[ODP_VHID]
                              ,[ODP_ZPNAKL]
                              ,[FIR_ID]
                              ,[ODP_ODPID]) VALUES (22001, '01.06.2022', 44003, 'XN14', '11002', 33012);

INSERT INTO Vyhazovani_Odpadu([ODP_ID]
                              ,[ODP_DATUM]
                              ,[ODP_VHID]
                              ,[ODP_ZPNAKL]
                              ,[FIR_ID]
                              ,[ODP_ODPID]) VALUES (22003, '02.09.2021', 44004, 'XR3', '11004', 33006);

INSERT INTO Vyhazovani_Odpadu([ODP_ID]
                              ,[ODP_DATUM]
                              ,[ODP_VHID]
                              ,[ODP_ZPNAKL]
                              ,[FIR_ID]
                              ,[ODP_ODPID]) VALUES (22007, '02.08.2021', 44005, 'XR8', '11010', 33007);

INSERT INTO Vyhazovani_Odpadu([ODP_ID]
                              ,[ODP_DATUM]
                              ,[ODP_VHID]
                              ,[ODP_ZPNAKL]
                              ,[FIR_ID]
                              ,[ODP_ODPID]) VALUES (22007, '02.08.2021', 44006, 'XD4', '11006', 33009);

INSERT INTO Vyhazovani_Odpadu([ODP_ID]
                              ,[ODP_DATUM]
                              ,[ODP_VHID]
                              ,[ODP_ZPNAKL]
                              ,[FIR_ID]
                              ,[ODP_ODPID]) VALUES (22009, '11.09.2021', 44007, 'XD8', '11005', 33008);

INSERT INTO Vyhazovani_Odpadu([ODP_ID]
                              ,[ODP_DATUM]
                              ,[ODP_VHID]
                              ,[ODP_ZPNAKL]
                              ,[FIR_ID]
                              ,[ODP_ODPID]) VALUES (22001, '07.15.2021', 44008, 'XN5', '11009', 33006);















